sánchez,sistema,1.0
sánchez,salud,0.977272727273
sánchez,país,0.857954545455
sánchez,sánchez,0.852272727273
sánchez,desarrollo,0.755681818182
sánchez,propuestas,0.738636363636
sánchez,social,0.727272727273
sánchez,trabajo,0.710227272727
sánchez,política,0.704545454545
sánchez,ley,0.653409090909
sánchez,participación,0.642045454545
sánchez,programa,0.585227272727
sánchez,acceso,0.579545454545
sánchez,derecho,0.551136363636
sánchez,así,0.539772727273
sánchez,través,0.539772727273
sánchez,educación,0.528409090909
sánchez,recursos,0.511363636364
sánchez,políticas,0.511363636364
sánchez,parte,0.5
sánchez,mayor,0.5
sánchez,ello,0.494318181818
sánchez,creación,0.494318181818
sánchez,manera,0.477272727273
sánchez,mujeres,0.471590909091
sánchez,forma,0.471590909091
sánchez,trabajadores,0.454545454545
sánchez,todas,0.448863636364
sánchez,sociedad,0.443181818182
sánchez,cada,0.431818181818
sánchez,proceso,0.426136363636
sánchez,además,0.420454545455
sánchez,uso,0.403409090909
sánchez,frente amplio,0.397727272727
sánchez,debe,0.397727272727
sánchez,laboral,0.392045454545
sánchez,derechos,0.392045454545
sánchez,derechos humanos,0.375
sánchez,estado,0.375
sánchez,infraestructura,0.369318181818
sánchez,actual,0.369318181818
sánchez,financiamiento,0.363636363636
sánchez,cultura,0.363636363636
sánchez,nivel,0.357954545455
sánchez,población,0.357954545455
sánchez,personas,0.352272727273
sánchez,empresas,0.352272727273
sánchez,gobierno,0.346590909091
sánchez,medidas,0.346590909091
sánchez,capacidad,0.340909090909
sánchez,sólo,0.340909090909
sánchez,programas,0.329545454545
sánchez,años,0.329545454545
sánchez,nuevo,0.329545454545
sánchez,centros,0.329545454545
sánchez,materia,0.323863636364
sánchez,caso,0.323863636364
sánchez,calidad,0.318181818182
sánchez,protección,0.318181818182
sánchez,comunidades,0.306818181818
sánchez,atención,0.306818181818
sánchez,formación,0.306818181818
sánchez,hoy,0.301136363636
sánchez,ciudadanía,0.301136363636
sánchez,ser,0.301136363636
sánchez,sector,0.301136363636
sánchez,inversión,0.289772727273
sánchez,mediante,0.284090909091
sánchez,mecanismos,0.284090909091
sánchez,proyectos,0.284090909091
sánchez,condiciones,0.284090909091
sánchez,plan,0.278409090909
sánchez,pública,0.278409090909
sánchez,instituciones,0.278409090909
sánchez,servicios,0.272727272727
sánchez,implementación,0.272727272727
sánchez,cultural,0.272727272727
sánchez,mercado,0.267045454545
sánchez,procesos,0.267045454545
sánchez,justicia,0.261363636364
sánchez,vida,0.261363636364
sánchez,vivienda,0.255681818182
sánchez,poder,0.255681818182
sánchez,integral,0.255681818182
sánchez,territorios,0.255681818182
sánchez,modo,0.255681818182
sánchez,hacia,0.25
sánchez,políticas públicas,0.244318181818
sánchez,casos,0.244318181818
sánchez,gestión,0.244318181818
sánchez,conjunto,0.238636363636
sánchez,pensiones,0.238636363636
sánchez,género,0.238636363636
sánchez,construcción,0.232954545455
sánchez,permita,0.232954545455
sánchez,investigación,0.227272727273
sánchez,público,0.227272727273
sánchez,respecto,0.227272727273
sánchez,permitan,0.227272727273
sánchez,ejercicio,0.227272727273
sánchez,integración,0.227272727273
sánchez,comunidad,0.227272727273
sánchez,propuesta,0.221590909091
sánchez,cobertura,0.221590909091
sánchez,bajo,0.221590909091
sánchez,regulación,0.221590909091
sánchez,base,0.221590909091
sánchez,áreas,0.215909090909
sánchez,modelo,0.215909090909
sánchez,institucionalidad,0.215909090909
sánchez,sociales,0.215909090909
sánchez,enfoque,0.215909090909
sánchez,sido,0.215909090909
sánchez,patrimonio,0.215909090909
sánchez,países,0.215909090909
sánchez,promover,0.215909090909
sánchez,pueblos originarios,0.215909090909
sánchez,impulsaremos,0.215909090909
sánchez,inclusión,0.210227272727
sánchez,educación superior,0.210227272727
sánchez,autonomía,0.210227272727
sánchez,proponemos,0.210227272727
sánchez,información,0.210227272727
sánchez,planificación,0.210227272727
sánchez,planes,0.210227272727
sánchez,democracia,0.210227272727
sánchez,conocimiento,0.210227272727
sánchez,establecer,0.210227272727
sánchez,niños niñas,0.204545454545
sánchez,político,0.204545454545
sánchez,acuerdo,0.204545454545
sánchez,reforma,0.204545454545
sánchez,marco,0.204545454545
sánchez,aumento,0.198863636364
sánchez,migrantes,0.198863636364
sánchez,área,0.198863636364
sánchez,territorio,0.198863636364
sánchez,niveles,0.198863636364
sánchez,delitos,0.198863636364
sánchez,prevención,0.198863636364
sánchez,sectores,0.193181818182
sánchez,evaluación,0.193181818182
sánchez,mismo,0.193181818182
sánchez,general,0.193181818182
sánchez,ministerio,0.193181818182
sánchez,relación,0.193181818182
sánchez,medios,0.193181818182
sánchez,deben,0.193181818182
sánchez,nueva,0.193181818182
sánchez,apoyo,0.193181818182
sánchez,necesidades,0.193181818182
sánchez,fortalecimiento,0.193181818182
sánchez,formas,0.193181818182
sánchez,requiere,0.193181818182
sánchez,nacional,0.193181818182
sánchez,energía,0.193181818182
sánchez,largo plazo,0.1875
sánchez,cambio,0.1875
sánchez,organizaciones,0.1875
sánchez,mejor,0.1875
sánchez,diversidad,0.1875
sánchez,producción,0.1875
sánchez,embargo,0.1875
sánchez,transporte,0.181818181818
sánchez,garantizar,0.181818181818
sánchez,organización,0.181818181818
sánchez,esto,0.181818181818
sánchez,control,0.181818181818
sánchez,distintos,0.181818181818
sánchez,acciones,0.181818181818
sánchez,vez,0.181818181818
sánchez,grandes,0.181818181818
sánchez,problemas,0.181818181818
sánchez,nuevas,0.181818181818
sánchez,servicio,0.181818181818
sánchez,cuidados,0.176136363636
sánchez,nna,0.176136363636
sánchez,economía,0.176136363636
sánchez,siendo,0.176136363636
sánchez,estudiantes,0.176136363636
sánchez,espacios,0.176136363636
sánchez,toda,0.176136363636
sánchez,tiempo,0.176136363636
sánchez,actualmente,0.176136363636
sánchez,menos,0.176136363636
sánchez,familias,0.176136363636
sánchez,ffaa,0.170454545455
sánchez,asegurar,0.170454545455
sánchez,generar,0.170454545455
sánchez,tal,0.170454545455
sánchez,culturales,0.170454545455
sánchez,sino,0.170454545455
sánchez,pib,0.170454545455
sánchez,sistema nacional,0.170454545455
sánchez,puede,0.170454545455
sánchez,según,0.170454545455
sánchez,red,0.170454545455
sánchez,generación,0.170454545455
sánchez,distintas,0.170454545455
sánchez,crearemos,0.170454545455
sánchez,rol,0.170454545455
sánchez,compromiso,0.164772727273
sánchez,junto,0.164772727273
sánchez,carácter,0.164772727273
sánchez,fin,0.164772727273
sánchez,discriminación,0.164772727273
sánchez,fortalecer,0.159090909091
sánchez,democrática,0.159090909091
sánchez,impacto,0.159090909091
sánchez,medida,0.159090909091
sánchez,implementaremos,0.159090909091
sánchez,incluyendo,0.159090909091
sánchez,asimismo,0.159090909091
sánchez,tipo,0.159090909091
sánchez,empleo,0.159090909091
sánchez,presupuesto,0.159090909091
sánchez,económico,0.159090909091
sánchez,territorial,0.159090909091
sánchez,regiones,0.159090909091
sánchez,empresa,0.159090909091
sánchez,promoción,0.153409090909
sánchez,mirada,0.153409090909
sánchez,seguridad,0.153409090909
sánchez,local,0.153409090909
sánchez,ambiental,0.153409090909
sánchez,propone,0.153409090909
sánchez,que,0.153409090909
sánchez,distribución,0.153409090909
sánchez,gran,0.153409090909
sánchez,regionales,0.153409090909
sánchez,contenidos,0.153409090909
sánchez,bienes,0.153409090909
sánchez,millones dólares,0.147727272727
sánchez,mejorar,0.147727272727
sánchez,objetivo,0.147727272727
sánchez,responsabilidad,0.147727272727
sánchez,otros,0.147727272727
sánchez,administración,0.147727272727
sánchez,violencia,0.147727272727
sánchez,coordinación,0.147727272727
sánchez,reconocimiento,0.147727272727
sánchez,especialmente,0.147727272727
sánchez,penal,0.147727272727
sánchez,fundamental,0.142045454545
sánchez,creemos,0.142045454545
sánchez,económica,0.142045454545
sánchez,efectiva,0.142045454545
sánchez,mundo,0.142045454545
sánchez,intereses,0.142045454545
sánchez,existen,0.142045454545
sánchez,nueva constitución,0.142045454545
sánchez,estableceremos,0.142045454545
sánchez,afp,0.142045454545
sánchez,si,0.142045454545
sánchez,tener,0.142045454545
sánchez,seguridad social,0.142045454545
sánchez,internacionales,0.142045454545
sánchez,regional,0.142045454545
sánchez,fiscalización,0.142045454545
sánchez,personal,0.142045454545
sánchez,diversas,0.142045454545
sánchez,énfasis,0.142045454545
sánchez,promedio,0.136363636364
sánchez,problema,0.136363636364
sánchez,criterios,0.136363636364
sánchez,ciudadanos,0.136363636364
sánchez,capacitación,0.136363636364
sánchez,diversos,0.136363636364
sánchez,privados,0.136363636364
sánchez,crear,0.136363636364
sánchez,principios,0.136363636364
sánchez,particular,0.136363636364
sánchez,costo,0.130681818182
sánchez,año,0.130681818182
sánchez,nuevos,0.130681818182
sánchez,decisiones,0.130681818182
sánchez,dentro,0.130681818182
sánchez,espacio,0.130681818182
sánchez,construir,0.130681818182
sánchez,reducir,0.130681818182
sánchez,ejemplo,0.130681818182
sánchez,propiedad,0.130681818182
sánchez,participación ciudadana,0.130681818182
sánchez,precios,0.130681818182
sánchez,promoviendo,0.130681818182
sánchez,cumplimiento,0.130681818182
sánchez,lógica,0.130681818182
sánchez,debe ser,0.130681818182
sánchez,sustentable,0.130681818182
sánchez,constitución,0.130681818182
sánchez,existe,0.130681818182
sánchez,partir,0.130681818182
sánchez,especial,0.130681818182
sánchez,importante,0.125
sánchez,escuelas,0.125
sánchez,fondo,0.125
sánchez,internacional,0.125
sánchez,tales,0.125
sánchez,capacidades,0.125
sánchez,personas discapacidad,0.125
artés,artés,1.0
artés,social,0.5625
artés,vida,0.5625
artés,ser,0.5
artés,país,0.375
artés,etc,0.375
artés,nacional,0.375
artés,calidad,0.3125
artés,deben,0.3125
artés,nuevo,0.3125
artés,soberanía,0.25
artés,parques,0.25
artés,trabajadores,0.25
artés,trabajo,0.25
artés,construcción,0.25
artés,recreación,0.25
artés,pública,0.25
artés,salud,0.25
artés,desarrollo,0.25
artés,presidencial,0.25
artés,patriótica upa,0.1875
artés,transporte,0.1875
artés,estatal,0.1875
artés,orden,0.1875
artés,recursos naturales,0.1875
artés,centro,0.1875
artés,hoy,0.1875
artés,organizada,0.1875
artés,unión patriótica,0.1875
artés,parte,0.1875
artés,sociales,0.1875
artés,deporte,0.1875
artés,eduardo,0.1875
artés,realización,0.1875
artés,fuerzas,0.1875
artés,patriótico popular,0.1875
artés,medios,0.1875
artés,propiedad,0.1875
artés,brichetti,0.1875
artés,plan,0.1875
artés,debe,0.1875
artés,desarrollaremos,0.1875
artés,gobierno patriótico,0.1875
artés,pueblos,0.1875
artés,pueblo,0.1875
artés,centros,0.1875
artés,población,0.1875
artés,protección,0.1875
artés,superior,0.1875
artés,derechos,0.1875
artés,física,0.125
artés,programa,0.125
artés,organizaciones,0.125
artés,natural,0.125
artés,estado,0.125
artés,sistema,0.125
artés,odiosa,0.125
artés,manos,0.125
artés,fondo,0.125
artés,industrialización,0.125
artés,educación,0.125
artés,afp,0.125
artés,creara,0.125
artés,medio,0.125
artés,sociedad,0.125
artés,viviendas,0.125
artés,reconocemos,0.125
artés,candidatura,0.125
artés,ascenso,0.125
artés,acuerdo,0.125
artés,impulsaremos,0.125
artés,fondos,0.125
artés,elección,0.125
artés,vivienda,0.125
artés,medida,0.125
artés,debemos,0.125
artés,plurinacional,0.125
artés,gobierno,0.125
artés,lugares,0.125
artés,partido,0.125
artés,justicia,0.125
artés,humanos,0.125
artés,escalafón,0.125
artés,pensiones,0.125
artés,único,0.125
artés,carácter,0.125
artés,asamblea,0.125
artés,económicos,0.125
artés,espacios,0.125
artés,culturales,0.125
artés,chilenos,0.125
artés,economía,0.125
artés,capitales,0.125
artés,central,0.125
artés,nueva,0.125
artés,urbanos,0.125
artés,base,0.125
artés,público,0.125
artés,red,0.125
artés,integrantes,0.125
artés,eliminando,0.125
artés,canales,0.125
artés,cargo,0.125
artés,cultura,0.125
artés,toda,0.125
artés,nacionales,0.125
artés,pasaran,0.125
artés,demás,0.125
artés,dueños,0.125
artés,integración,0.125
artés,así,0.125
artés,tamaño,0.125
artés,cultural,0.125
artés,constituyente,0.125
artés,marco,0.125
artés,plazas,0.125
artés,empresas,0.125
artés,comunidad,0.125
artés,tratados,0.125
artés,tripartito,0.125
artés,telecomunicaciones,0.125
artés,nunca,0.0625
artés,realizaremos,0.0625
artés,pasajeros,0.0625
artés,productivo,0.0625
artés,fundamental,0.0625
artés,benéfico,0.0625
artés,asesinato,0.0625
artés,bolsillo,0.0625
artés,tipo,0.0625
artés,ajenas,0.0625
artés,máquinas,0.0625
artés,administrado,0.0625
artés,ff,0.0625
artés,basado,0.0625
artés,limpias,0.0625
artés,junio,0.0625
artés,falta,0.0625
artés,grados,0.0625
artés,internacionales,0.0625
artés,previsional,0.0625
artés,suboficiales,0.0625
artés,carcelaria,0.0625
artés,hecho,0.0625
artés,mayores,0.0625
artés,cavernarias,0.0625
artés,después,0.0625
artés,peces,0.0625
artés,institucionalidad,0.0625
artés,desatara,0.0625
artés,lograr,0.0625
artés,personal,0.0625
artés,proceso,0.0625
artés,provinciales,0.0625
artés,grandes,0.0625
artés,lucran,0.0625
artés,inferiores,0.0625
artés,extranjero,0.0625
artés,control,0.0625
artés,programático,0.0625
artés,financiamiento,0.0625
artés,libertad,0.0625
artés,fauna,0.0625
artés,política,0.0625
artés,dignos,0.0625
artés,encabezado,0.0625
artés,valores,0.0625
artés,requeridos,0.0625
artés,flora,0.0625
artés,luego,0.0625
artés,años,0.0625
artés,violación,0.0625
artés,preocupación,0.0625
artés,pimes,0.0625
artés,posibiliten,0.0625
artés,realizarse,0.0625
artés,privadas,0.0625
artés,muestren,0.0625
artés,pondrán,0.0625
artés,cultores,0.0625
artés,mejorar,0.0625
artés,decir,0.0625
artés,intereses,0.0625
artés,todas,0.0625
artés,contra,0.0625
artés,disciplinaria,0.0625
artés,fortalecemos,0.0625
artés,realidad,0.0625
artés,equipamiento,0.0625
artés,dejar,0.0625
artés,gente,0.0625
artés,casas,0.0625
artés,aun,0.0625
artés,gestionaran,0.0625
artés,renovables,0.0625
artés,eliminaremos,0.0625
artés,colocándolos,0.0625
artés,cada,0.0625
artés,significa,0.0625
artés,potencias,0.0625
artés,marginal,0.0625
artés,buses,0.0625
artés,claro,0.0625
artés,protegeremos,0.0625
artés,asegurando,0.0625
artés,trabajador,0.0625
artés,financieras,0.0625
artés,deja,0.0625
artés,subsidios,0.0625
artés,pobladores,0.0625
artés,efectivamente,0.0625
artés,discriminador,0.0625
artés,agua,0.0625
artés,torno,0.0625
artés,posibilitando,0.0625
artés,implantara,0.0625
artés,interacción,0.0625
artés,contiene,0.0625
artés,graves,0.0625
artés,garantizado,0.0625
artés,diversas,0.0625
artés,diversos,0.0625
artés,empleador,0.0625
artés,especializados,0.0625
artés,energías,0.0625
artés,reeduquen,0.0625
artés,desigualdad,0.0625
artés,podrán,0.0625
artés,movilidad,0.0625
artés,aumentar,0.0625
artés,paguen,0.0625
artés,mapuche,0.0625
artés,carga,0.0625
artés,armadas,0.0625
artés,aseguraremos,0.0625
artés,aimara,0.0625
artés,preventivas,0.0625
artés,total,0.0625
artés,importación,0.0625
artés,rincón,0.0625
artés,aseguradoras,0.0625
artés,upa,0.0625
artés,privilegie,0.0625
artés,comunidades,0.0625
artés,primera,0.0625
artés,mar,0.0625
artés,caracteriza,0.0625
artés,trabajara,0.0625
artés,mas,0.0625
artés,generando,0.0625
artés,música,0.0625
artés,militares,0.0625
artés,el,0.0625
artés,malogradas,0.0625
artés,deformación,0.0625
artés,populares,0.0625
artés,visuales,0.0625
artés,barriales,0.0625
artés,comunitarios,0.0625
artés,particulares,0.0625
artés,taxis,0.0625
artés,mental,0.0625
artés,instituciones,0.0625
artés,edad,0.0625
artés,organizados,0.0625
artés,connotación,0.0625
artés,impidiendo,0.0625
artés,fomentaremos,0.0625
artés,dar,0.0625
artés,sólida,0.0625
artés,grande,0.0625
artés,actuaran,0.0625
artés,vejes,0.0625
artés,existir,0.0625
artés,bosques,0.0625
artés,valor,0.0625
artés,pena,0.0625
artés,estudiantiles,0.0625
artés,vecinos,0.0625
artés,expuestos,0.0625
artés,patrióticos,0.0625
artés,conecte,0.0625
artés,delitos,0.0625
artés,tv,0.0625
artés,presente,0.0625
artés,educacional,0.0625
artés,constituyen,0.0625
artés,cuidado,0.0625
artés,reforma,0.0625
artés,reclusión,0.0625
artés,recuperación,0.0625
artés,íntima,0.0625
artés,menos,0.0625
artés,elevar,0.0625
artés,hará,0.0625
artés,teatro,0.0625
artés,segregada,0.0625
artés,copamiento,0.0625
artés,levantando,0.0625
artés,hacinamiento,0.0625
guillier,desarrollo,1.0
guillier,guillier,0.900763358779
guillier,país,0.732824427481
guillier,nacional,0.580152671756
guillier,política,0.564885496183
guillier,ello,0.557251908397
guillier,ley,0.473282442748
guillier,acceso,0.473282442748
guillier,derecho,0.458015267176
guillier,empresas,0.450381679389
guillier,personas,0.442748091603
guillier,derechos,0.435114503817
guillier,sistema,0.389312977099
guillier,trabajo,0.36641221374
guillier,impulsaremos,0.351145038168
guillier,así,0.343511450382
guillier,recursos,0.320610687023
guillier,mujeres,0.312977099237
guillier,servicios,0.312977099237
guillier,crecimiento,0.312977099237
guillier,social,0.312977099237
guillier,protección,0.312977099237
guillier,empleo,0.297709923664
guillier,participación,0.297709923664
guillier,debe,0.297709923664
guillier,propuestas,0.290076335878
guillier,gobierno,0.290076335878
guillier,gestión,0.290076335878
guillier,innovación,0.282442748092
guillier,salud,0.274809160305
guillier,trabajadores,0.267175572519
guillier,uso,0.259541984733
guillier,rol,0.259541984733
guillier,productividad,0.251908396947
guillier,economía,0.24427480916
guillier,sólo,0.24427480916
guillier,inversiones,0.24427480916
guillier,laboral,0.236641221374
guillier,sectores,0.236641221374
guillier,agua,0.236641221374
guillier,calidad,0.236641221374
guillier,programas,0.236641221374
guillier,infraestructura,0.236641221374
guillier,políticas,0.236641221374
guillier,mayor,0.236641221374
guillier,promoveremos,0.221374045802
guillier,todas,0.221374045802
guillier,creación,0.221374045802
guillier,sector,0.221374045802
guillier,programa,0.213740458015
guillier,sociales,0.213740458015
guillier,través,0.213740458015
guillier,parte,0.206106870229
guillier,proyectos,0.206106870229
guillier,industria,0.206106870229
guillier,pública,0.206106870229
guillier,cultura,0.206106870229
guillier,ser,0.206106870229
guillier,nivel,0.198473282443
guillier,digital,0.198473282443
guillier,proceso,0.198473282443
guillier,cada,0.198473282443
guillier,participación ciudadana,0.198473282443
guillier,materia,0.190839694656
guillier,iniciativas,0.190839694656
guillier,cultural,0.190839694656
guillier,crearemos,0.190839694656
guillier,energía,0.190839694656
guillier,menos,0.190839694656
guillier,nuevos,0.18320610687
guillier,indígenas,0.18320610687
guillier,público,0.18320610687
guillier,minería,0.18320610687
guillier,generación,0.175572519084
guillier,poder,0.175572519084
guillier,chilenos,0.175572519084
guillier,técnico profesional,0.175572519084
guillier,fin,0.175572519084
guillier,vida,0.175572519084
guillier,forma,0.175572519084
guillier,inversión,0.175572519084
guillier,organizaciones,0.167938931298
guillier,áreas,0.167938931298
guillier,estado,0.167938931298
guillier,asegurar,0.167938931298
guillier,fomento,0.167938931298
guillier,condiciones,0.167938931298
guillier,nuevas,0.167938931298
guillier,empresa,0.167938931298
guillier,información,0.167938931298
guillier,regionales,0.167938931298
guillier,hacia,0.167938931298
guillier,población,0.160305343511
guillier,año,0.160305343511
guillier,educación,0.160305343511
guillier,mecanismos,0.160305343511
guillier,base,0.160305343511
guillier,sino,0.160305343511
guillier,pueblos indígenas,0.160305343511
guillier,comunidades,0.160305343511
guillier,promover,0.160305343511
guillier,gran,0.160305343511
guillier,reforma,0.160305343511
guillier,requiere,0.160305343511
guillier,procesos,0.160305343511
guillier,empleos,0.152671755725
guillier,mercados,0.152671755725
guillier,políticas públicas,0.152671755725
guillier,ministerio,0.152671755725
guillier,medidas,0.152671755725
guillier,nuevo,0.152671755725
guillier,financiamiento,0.152671755725
guillier,mismo tiempo,0.152671755725
guillier,formación,0.152671755725
guillier,producción,0.152671755725
guillier,capacidad,0.145038167939
guillier,nueva constitución,0.145038167939
guillier,género,0.145038167939
guillier,apoyo,0.145038167939
guillier,discriminación,0.145038167939
guillier,reducir,0.137404580153
guillier,locales,0.137404580153
guillier,diálogo,0.137404580153
guillier,medios,0.137404580153
guillier,nueva,0.137404580153
guillier,permita,0.137404580153
guillier,tales,0.137404580153
guillier,especial,0.137404580153
guillier,descentralización,0.137404580153
guillier,respecto,0.137404580153
guillier,medio ambiente,0.137404580153
guillier,inclusión,0.137404580153
guillier,sistemas,0.137404580153
guillier,igualdad,0.129770992366
guillier,derechos humanos,0.129770992366
guillier,públicas,0.129770992366
guillier,indígena,0.129770992366
guillier,ciudadanos,0.129770992366
guillier,mediante,0.129770992366
guillier,institucionalidad,0.129770992366
guillier,general,0.129770992366
guillier,países,0.129770992366
guillier,regiones,0.129770992366
guillier,construcción,0.129770992366
guillier,incluyendo,0.129770992366
guillier,ambiental,0.129770992366
guillier,sociedad civil,0.129770992366
guillier,permitan,0.129770992366
guillier,capacitación,0.129770992366
guillier,instituciones,0.129770992366
guillier,centros,0.129770992366
guillier,turismo,0.129770992366
guillier,tecnologías,0.12213740458
guillier,si,0.12213740458
guillier,especialmente,0.12213740458
guillier,valor,0.12213740458
guillier,litio,0.12213740458
guillier,acuerdo,0.12213740458
guillier,banco,0.12213740458
guillier,diseño,0.12213740458
guillier,plan,0.12213740458
guillier,coordinación,0.12213740458
guillier,gobiernos regionales,0.12213740458
guillier,consumidores,0.12213740458
guillier,largo plazo,0.12213740458
guillier,debe ser,0.12213740458
guillier,democracia,0.12213740458
guillier,fortaleceremos,0.12213740458
guillier,integración,0.12213740458
guillier,jóvenes,0.12213740458
guillier,regional,0.12213740458
guillier,cobre,0.12213740458
guillier,prácticas,0.12213740458
guillier,económica,0.114503816794
guillier,investigación,0.114503816794
guillier,puedan,0.114503816794
guillier,sociedad,0.114503816794
guillier,sustentable,0.114503816794
guillier,impulsará,0.114503816794
guillier,niveles,0.114503816794
guillier,organismos,0.114503816794
guillier,promoción,0.114503816794
guillier,interés,0.114503816794
guillier,conocimiento,0.114503816794
guillier,minera,0.114503816794
guillier,delitos,0.114503816794
guillier,eficiente,0.114503816794
guillier,manera,0.114503816794
guillier,desarrollo productivo,0.114503816794
guillier,años,0.106870229008
guillier,cuenta,0.106870229008
guillier,seguridad,0.106870229008
guillier,actores,0.106870229008
guillier,generar,0.106870229008
guillier,futuro,0.106870229008
guillier,medios comunicación,0.106870229008
guillier,fortalecer,0.106870229008
guillier,impulsar,0.106870229008
guillier,constitución,0.106870229008
guillier,diversidad,0.106870229008
guillier,gente,0.106870229008
guillier,ciudadanía,0.106870229008
guillier,aguas,0.106870229008
guillier,mundial,0.106870229008
guillier,que,0.106870229008
guillier,puede,0.106870229008
guillier,reconocimiento,0.106870229008
guillier,hoy,0.106870229008
guillier,familias,0.106870229008
guillier,servicio,0.106870229008
guillier,diversidad sexual,0.106870229008
guillier,mayores,0.106870229008
guillier,énfasis,0.106870229008
guillier,capacidades,0.106870229008
guillier,posible,0.0992366412214
guillier,espacios,0.0992366412214
guillier,grandes,0.0992366412214
guillier,comercio,0.0992366412214
guillier,fundamental,0.0992366412214
guillier,redes,0.0992366412214
guillier,legislación,0.0992366412214
guillier,profesionales,0.0992366412214
guillier,importante,0.0992366412214
guillier,mercado,0.0992366412214
guillier,inclusivo,0.0992366412214
guillier,ambientales,0.0992366412214
guillier,contexto,0.0992366412214
guillier,codelco,0.0992366412214
guillier,mejorar,0.0992366412214
guillier,dos,0.0992366412214
guillier,privadas,0.0992366412214
guillier,proponemos,0.0992366412214
guillier,congreso,0.0992366412214
guillier,fiscalización,0.0992366412214
guillier,propiedad,0.0992366412214
guillier,consumidor,0.0992366412214
guillier,permitirá,0.0992366412214
guillier,principales,0.0992366412214
guillier,planes,0.0992366412214
guillier,ciencia tecnología,0.0992366412214
guillier,instrumentos,0.0992366412214
guillier,laborales,0.0992366412214
guillier,tecnológico,0.0992366412214
guillier,modo,0.0992366412214
guillier,red,0.0992366412214
guillier,exportaciones,0.0992366412214
guillier,avances,0.0916030534351
guillier,hacer,0.0916030534351
guillier,estrategia,0.0916030534351
guillier,corfo,0.0916030534351
guillier,culturales,0.0916030534351
guillier,enfoque,0.0916030534351
guillier,implica,0.0916030534351
guillier,aquellos,0.0916030534351
guillier,tecnología innovación,0.0916030534351
guillier,comunicación,0.0916030534351
guillier,eficiencia,0.0916030534351
guillier,diversos,0.0916030534351
guillier,relación,0.0916030534351
guillier,consejo,0.0916030534351
guillier,representación,0.0916030534351
guillier,capítulo,0.0916030534351
guillier,digitales,0.0916030534351
guillier,cuidado,0.0916030534351
guillier,necesario,0.0916030534351
guillier,agricultura,0.0916030534351
guillier,desigualdad,0.0916030534351
guillier,bienestar,0.0916030534351
guillier,formación técnico,0.0916030534351
guillier,nacionales,0.0916030534351
guillier,muier,0.0916030534351
guillier,necesidades,0.0916030534351
guillier,públicos,0.0916030534351
guillier,fortalecimiento,0.0916030534351
guillier,cambio climático,0.0916030534351
guillier,inteligente,0.0916030534351
guillier,desarrollar,0.0916030534351
guillier,marco,0.0916030534351
guillier,cti,0.0839694656489
guillier,libre,0.0839694656489
guillier,obras,0.0839694656489
guillier,código,0.0839694656489
guillier,comerciales,0.0839694656489
guillier,criterios,0.0839694656489
guillier,crucial,0.0839694656489
guillier,mundo,0.0839694656489
guillier,desafíos,0.0839694656489
guillier,territorio,0.0839694656489
guillier,beneficios,0.0839694656489
guillier,aumentar,0.0839694656489
guillier,fortaleciendo,0.0839694656489
guillier,frente,0.0839694656489
guillier,estándares,0.0839694656489
guillier,productos,0.0839694656489
guillier,avanzar,0.0839694656489
guillier,tener,0.0839694656489
guillier,agenda,0.0839694656489
guillier,temas,0.0839694656489
guillier,clave,0.0839694656489
guillier,sido,0.0839694656489
kast,kast,1.0
kast,desarrollo,0.866666666667
kast,personas,0.783333333333
kast,sistema,0.766666666667
kast,país,0.75
kast,gobierno,0.633333333333
kast,salud,0.633333333333
kast,recursos,0.55
kast,ley,0.55
kast,nacional,0.483333333333
kast,mayor,0.483333333333
kast,ser,0.433333333333
kast,empresas,0.433333333333
kast,educación,0.416666666667
kast,derecho,0.416666666667
kast,infraestructura,0.4
kast,información,0.383333333333
kast,familia,0.366666666667
kast,inversión,0.366666666667
kast,manera,0.366666666667
kast,plan,0.35
kast,parte,0.35
kast,social,0.35
kast,servicios,0.333333333333
kast,pública,0.333333333333
kast,programas,0.316666666667
kast,hoy,0.316666666667
kast,mejorar,0.316666666667
kast,todas,0.316666666667
kast,fin,0.316666666667
kast,través,0.316666666667
kast,años,0.3
kast,mediante,0.3
kast,sólo,0.3
kast,apoyo,0.3
kast,establecer,0.3
kast,estado,0.283333333333
kast,vivienda,0.283333333333
kast,servicio,0.283333333333
kast,seguridad,0.283333333333
kast,organizaciones,0.266666666667
kast,hacer,0.266666666667
kast,junto,0.266666666667
kast,política,0.266666666667
kast,trabajo,0.266666666667
kast,uso,0.266666666667
kast,chilenos,0.266666666667
kast,públicos,0.266666666667
kast,permita,0.25
kast,aumentar,0.25
kast,público,0.25
kast,niños,0.25
kast,instituciones,0.25
kast,reforma,0.25
kast,rol,0.25
kast,gestión,0.25
kast,atención,0.25
kast,costo,0.233333333333
kast,ello,0.233333333333
kast,fomento,0.233333333333
kast,competencia,0.233333333333
kast,pueden,0.233333333333
kast,delincuencia,0.233333333333
kast,además,0.233333333333
kast,aumento,0.233333333333
kast,libertad,0.233333333333
kast,generación,0.216666666667
kast,áreas,0.216666666667
kast,calidad,0.216666666667
kast,tecnología,0.216666666667
kast,subsidio,0.216666666667
kast,participación,0.216666666667
kast,cada,0.216666666667
kast,puede,0.216666666667
kast,promover,0.216666666667
kast,familias,0.216666666667
kast,agenda,0.2
kast,efectiva,0.2
kast,asegurar,0.2
kast,innovación,0.2
kast,zonas,0.2
kast,nuevas,0.2
kast,proponemos,0.2
kast,violencia,0.2
kast,propone,0.2
kast,sido,0.2
kast,mayores,0.2
kast,forma,0.2
kast,si,0.183333333333
kast,funcionarios,0.183333333333
kast,herramientas,0.183333333333
kast,proyectos,0.183333333333
kast,hospitales,0.183333333333
kast,medidas,0.183333333333
kast,sino,0.183333333333
kast,nuevo,0.183333333333
kast,debe,0.183333333333
kast,permitan,0.183333333333
kast,contar,0.183333333333
kast,países,0.183333333333
kast,tiempo,0.183333333333
kast,población,0.183333333333
kast,incentivos,0.183333333333
kast,vida,0.183333333333
kast,desarrollar,0.183333333333
kast,resultados,0.166666666667
kast,políticas,0.166666666667
kast,general,0.166666666667
kast,pro,0.166666666667
kast,valor,0.166666666667
kast,responsabilidad,0.166666666667
kast,político,0.166666666667
kast,datos,0.166666666667
kast,reducir,0.166666666667
kast,debemos,0.166666666667
kast,condiciones,0.166666666667
kast,crecimiento,0.166666666667
kast,pensiones,0.166666666667
kast,estudiantes,0.166666666667
kast,creación,0.166666666667
kast,procesos,0.166666666667
kast,etc,0.166666666667
kast,nueva,0.166666666667
kast,niveles,0.166666666667
kast,mecanismos,0.166666666667
kast,senador ossandón,0.166666666667
kast,inclusión,0.166666666667
kast,hacia,0.166666666667
kast,telecomunicaciones,0.166666666667
kast,evaluación,0.15
kast,médicos,0.15
kast,atribuciones,0.15
kast,modelo,0.15
kast,nuevos,0.15
kast,laboral,0.15
kast,nivel,0.15
kast,cuenta,0.15
kast,materia,0.15
kast,puedan,0.15
kast,institucionalidad,0.15
kast,mejor,0.15
kast,implementar,0.15
kast,deben,0.15
kast,control,0.15
kast,mercado,0.15
kast,lugares,0.15
kast,natalidad,0.15
kast,fuerzas armadas,0.15
kast,gasto,0.15
kast,corrupción,0.15
kast,tipo,0.15
kast,toda,0.15
kast,disminuir,0.15
kast,terrorismo,0.15
kast,mientras,0.15
kast,así,0.15
kast,libre,0.15
kast,centros,0.15
kast,especialmente,0.15
kast,hijos,0.15
kast,menos,0.15
kast,araucanía,0.133333333333
kast,autonomía,0.133333333333
kast,orden,0.133333333333
kast,sectores,0.133333333333
kast,carabineros,0.133333333333
kast,familiares,0.133333333333
kast,pacientes,0.133333333333
kast,sociales,0.133333333333
kast,decisión,0.133333333333
kast,primeros,0.133333333333
kast,culturales,0.133333333333
kast,ministerio,0.133333333333
kast,total,0.133333333333
kast,anterior,0.133333333333
kast,sociedad civil,0.133333333333
kast,espacios,0.133333333333
kast,proyecto,0.133333333333
kast,programa,0.133333333333
kast,construcción,0.133333333333
kast,eliminación,0.133333333333
kast,trámites,0.133333333333
kast,futuro,0.133333333333
kast,según,0.133333333333
kast,establecimiento,0.133333333333
kast,región,0.133333333333
kast,fondos,0.133333333333
kast,respuesta,0.133333333333
kast,enfrentar,0.133333333333
kast,vulnerables,0.133333333333
kast,afp,0.133333333333
kast,educar hijos,0.133333333333
kast,promoción,0.133333333333
kast,costos,0.133333333333
kast,fundamental,0.133333333333
kast,requisitos,0.133333333333
kast,vez,0.133333333333
kast,necesitamos,0.133333333333
kast,días,0.116666666667
kast,universidades,0.116666666667
kast,iniciativas,0.116666666667
kast,creemos,0.116666666667
kast,económica,0.116666666667
kast,pueda,0.116666666667
kast,acceder,0.116666666667
kast,importante,0.116666666667
kast,situación,0.116666666667
kast,acuerdo,0.116666666667
kast,elección,0.116666666667
kast,poder,0.116666666667
kast,regulación,0.116666666667
kast,tributaria,0.116666666667
kast,funciones,0.116666666667
kast,esfuerzo,0.116666666667
kast,menores,0.116666666667
kast,fortalecer,0.116666666667
kast,impuestos,0.116666666667
kast,sector privado,0.116666666667
kast,capacidad,0.116666666667
kast,nadie,0.116666666667
kast,legislación,0.116666666667
kast,barrios,0.116666666667
kast,lucha,0.116666666667
kast,valores,0.116666666667
kast,administración,0.116666666667
kast,revisar,0.116666666667
kast,legitimidad,0.116666666667
kast,liderazgo,0.116666666667
kast,autoridades,0.116666666667
kast,estándares,0.116666666667
kast,necesario,0.116666666667
kast,actual,0.116666666667
kast,proponer,0.116666666667
kast,militar,0.116666666667
kast,generar,0.116666666667
kast,red,0.116666666667
kast,acceso,0.116666666667
kast,largo,0.116666666667
kast,necesitan,0.116666666667
kast,niño,0.116666666667
kast,capacidades,0.116666666667
kast,cultural,0.116666666667
kast,real,0.116666666667
kast,digital,0.116666666667
kast,gobiernos,0.116666666667
kast,ciudades,0.116666666667
kast,terminar,0.116666666667
kast,comunidad,0.116666666667
kast,emergencia,0.116666666667
kast,que,0.116666666667
kast,regiones,0.116666666667
kast,ideas,0.116666666667
kast,iva,0.116666666667
kast,presupuesto,0.116666666667
kast,tecnologías,0.116666666667
kast,volver,0.1
kast,implementación,0.1
kast,padres,0.1
kast,podrá,0.1
kast,comercio,0.1
kast,últimos años,0.1
kast,trabajadores,0.1
kast,escolar,0.1
kast,mundo,0.1
kast,enseñanza,0.1
kast,permanente,0.1
kast,universidad,0.1
kast,transporte,0.1
kast,número,0.1
kast,incorporar,0.1
kast,regulaciones,0.1
kast,normativa,0.1
kast,técnicas,0.1
kast,fondo,0.1
kast,existentes,0.1
kast,millones chilenos,0.1
kast,mayoría,0.1
kast,actividades,0.1
kast,políticos,0.1
kast,realizar,0.1
kast,financiamiento,0.1
kast,derecho padres,0.1
kast,solo,0.1
kast,recuperación,0.1
kast,tener,0.1
kast,cargo,0.1
kast,aprobación,0.1
kast,plazo,0.1
kast,elegir,0.1
kast,partir,0.1
kast,condición,0.1
kast,fonasa,0.1
kast,terroristas,0.1
kast,necesidades,0.1
kast,reformas,0.1
kast,viviendas,0.1
kast,cuales,0.1
kast,ahorro,0.1
kast,delitos,0.1
kast,particular,0.1
navarro,navarro,1.0
navarro,salud,0.840909090909
navarro,ley,0.568181818182
navarro,sistema,0.545454545455
navarro,educación,0.522727272727
navarro,todas,0.5
navarro,derecho,0.477272727273
navarro,social,0.477272727273
navarro,política,0.477272727273
navarro,país,0.454545454545
navarro,desarrollo,0.431818181818
navarro,mediante,0.386363636364
navarro,personas,0.386363636364
navarro,nacional,0.386363636364
navarro,derechos,0.386363636364
navarro,estado,0.363636363636
navarro,materia,0.363636363636
navarro,pública,0.363636363636
navarro,ser,0.363636363636
navarro,hacia,0.340909090909
navarro,propuestas programáticas,0.318181818182
navarro,ministerio,0.318181818182
navarro,integración,0.318181818182
navarro,crearemos,0.318181818182
navarro,empresas,0.318181818182
navarro,sociales,0.295454545455
navarro,servicios,0.295454545455
navarro,nueva constitución,0.295454545455
navarro,público,0.295454545455
navarro,acceso,0.295454545455
navarro,públicos,0.295454545455
navarro,pueblos originarios,0.295454545455
navarro,fin,0.295454545455
navarro,vida,0.295454545455
navarro,calidad,0.272727272727
navarro,culturales,0.272727272727
navarro,trabajadores,0.272727272727
navarro,sustentable,0.272727272727
navarro,fondo,0.272727272727
navarro,propuestas,0.272727272727
navarro,uso,0.272727272727
navarro,nuevo,0.272727272727
navarro,nueva,0.272727272727
navarro,económica,0.25
navarro,creación,0.25
navarro,actual,0.25
navarro,municipios,0.25
navarro,mayor,0.25
navarro,plan,0.227272727273
navarro,recursos,0.227272727273
navarro,indígenas,0.227272727273
navarro,carácter,0.227272727273
navarro,públicas,0.227272727273
navarro,economía,0.227272727273
navarro,servicio,0.227272727273
navarro,modo,0.227272727273
navarro,fortaleceremos,0.227272727273
navarro,centros,0.227272727273
navarro,atención,0.227272727273
navarro,menos,0.227272727273
navarro,gestión,0.227272727273
navarro,mujeres,0.204545454545
navarro,años,0.204545454545
navarro,profesionales,0.204545454545
navarro,planes,0.204545454545
navarro,medios comunicación,0.204545454545
navarro,regiones,0.204545454545
navarro,promoveremos,0.204545454545
navarro,trabajo,0.204545454545
navarro,nuevas,0.204545454545
navarro,propiedad,0.204545454545
navarro,género,0.204545454545
navarro,prevención,0.204545454545
navarro,libertad,0.204545454545
navarro,territorial,0.204545454545
navarro,laboral,0.181818181818
navarro,programa,0.181818181818
navarro,estatal,0.181818181818
navarro,equidad,0.181818181818
navarro,ciudadanos,0.181818181818
navarro,parte,0.181818181818
navarro,universal,0.181818181818
navarro,proyectos,0.181818181818
navarro,bajo,0.181818181818
navarro,gobierno,0.181818181818
navarro,base,0.181818181818
navarro,patrimonio,0.181818181818
navarro,nacionales,0.181818181818
navarro,además,0.181818181818
navarro,necesidades,0.181818181818
navarro,libre,0.181818181818
navarro,protección,0.181818181818
navarro,políticas,0.181818181818
navarro,ciudades,0.181818181818
navarro,forma,0.181818181818
navarro,través,0.181818181818
navarro,áreas,0.159090909091
navarro,programas,0.159090909091
navarro,empleo,0.159090909091
navarro,constitución debe,0.159090909091
navarro,deben,0.159090909091
navarro,permita,0.159090909091
navarro,establecimientos,0.159090909091
navarro,apoyaremos,0.159090909091
navarro,emergencias,0.159090909091
navarro,propuestas sociales,0.159090909091
navarro,internacional,0.159090909091
navarro,ingresos,0.159090909091
navarro,podrá,0.159090909091
navarro,aumento,0.159090909091
navarro,financiamiento,0.159090909091
navarro,formación,0.159090909091
navarro,participación,0.159090909091
navarro,instituciones,0.159090909091
navarro,inversión,0.159090909091
navarro,deportivas,0.136363636364
navarro,actividad,0.136363636364
navarro,proyecto ley,0.136363636364
navarro,nuevos,0.136363636364
navarro,junto,0.136363636364
navarro,nivel,0.136363636364
navarro,carrera,0.136363636364
navarro,infraestructura,0.136363636364
navarro,propuesta,0.136363636364
navarro,artísticas,0.136363636364
navarro,generar,0.136363636364
navarro,valor,0.136363636364
navarro,pymes,0.136363636364
navarro,médicos,0.136363636364
navarro,locales,0.136363636364
navarro,autonomía,0.136363636364
navarro,internacionales,0.136363636364
navarro,capacidad,0.136363636364
navarro,intereses,0.136363636364
navarro,pensiones,0.136363636364
navarro,administración,0.136363636364
navarro,empresa,0.136363636364
navarro,autoridades,0.136363636364
navarro,coordinación,0.136363636364
navarro,niveles,0.136363636364
navarro,deberán,0.136363636364
navarro,riesgo desastres,0.136363636364
navarro,impulsaremos,0.136363636364
navarro,debe,0.136363636364
navarro,mecanismos,0.136363636364
navarro,toda,0.136363636364
navarro,información,0.136363636364
navarro,objeto,0.136363636364
navarro,garantizar,0.136363636364
navarro,básicos,0.136363636364
navarro,así,0.136363636364
navarro,inversiones,0.136363636364
navarro,cultural,0.136363636364
navarro,establecer,0.136363636364
navarro,diversificación,0.136363636364
navarro,técnica,0.136363636364
navarro,igualdad,0.136363636364
navarro,fundamentales,0.136363636364
navarro,dos,0.113636363636
navarro,soberanía,0.113636363636
navarro,derechos humanos,0.113636363636
navarro,propondremos,0.113636363636
navarro,deportiva,0.113636363636
navarro,transporte,0.113636363636
navarro,daremos,0.113636363636
navarro,presidente república,0.113636363636
navarro,año,0.113636363636
navarro,asegurar,0.113636363636
navarro,artes patrimonio,0.113636363636
navarro,superior,0.113636363636
navarro,cambio,0.113636363636
navarro,competencias,0.113636363636
navarro,organizaciones,0.113636363636
navarro,cultura,0.113636363636
navarro,acuerdo,0.113636363636
navarro,aumentar,0.113636363636
navarro,régimen,0.113636363636
navarro,solidario,0.113636363636
navarro,impuestos,0.113636363636
navarro,fondos,0.113636363636
navarro,espacio,0.113636363636
navarro,deberá,0.113636363636
navarro,pueblo,0.113636363636
navarro,territorio,0.113636363636
navarro,cada,0.113636363636
navarro,integral,0.113636363636
navarro,diversidad,0.113636363636
navarro,recursos naturales,0.113636363636
navarro,implementaremos,0.113636363636
navarro,acción,0.113636363636
navarro,promoción,0.113636363636
navarro,cuidado,0.113636363636
navarro,debe consagrar,0.113636363636
navarro,estándares,0.113636363636
navarro,violencia,0.113636363636
navarro,privados,0.113636363636
navarro,gobiernos regionales,0.113636363636
navarro,pueblos indígenas,0.113636363636
navarro,gratuita,0.113636363636
navarro,incluyendo,0.113636363636
navarro,mecanismo,0.113636363636
navarro,indígena,0.113636363636
navarro,eje,0.113636363636
navarro,seguridad social,0.113636363636
navarro,territorios,0.113636363636
navarro,ejercicio,0.113636363636
navarro,funcionamiento,0.113636363636
navarro,alto,0.113636363636
navarro,hoy,0.113636363636
navarro,regionales,0.113636363636
navarro,generación,0.113636363636
navarro,contenidos,0.113636363636
navarro,tratados,0.113636363636
navarro,fortalecimiento,0.113636363636
navarro,marco,0.113636363636
navarro,vez,0.113636363636
navarro,personal,0.113636363636
navarro,ingreso,0.113636363636
navarro,comunidades,0.113636363636
navarro,legal,0.113636363636
navarro,relaciones,0.113636363636
navarro,sector,0.113636363636
navarro,sistemas,0.0909090909091
navarro,rehabilitación,0.0909090909091
navarro,escuela,0.0909090909091
navarro,comunal,0.0909090909091
navarro,fiscal,0.0909090909091
navarro,sectores,0.0909090909091
navarro,cualquier,0.0909090909091
navarro,medio,0.0909090909091
navarro,evitar,0.0909090909091
navarro,modificaremos,0.0909090909091
navarro,dirección,0.0909090909091
navarro,niños,0.0909090909091
navarro,igual,0.0909090909091
navarro,anual,0.0909090909091
navarro,superficie,0.0909090909091
navarro,consulta,0.0909090909091
navarro,exterior,0.0909090909091
navarro,mercado,0.0909090909091
navarro,tránsito,0.0909090909091
navarro,empleadores,0.0909090909091
navarro,vigencia,0.0909090909091
navarro,población,0.0909090909091
navarro,leyes,0.0909090909091
navarro,nivel nacional,0.0909090909091
navarro,cobertura,0.0909090909091
navarro,municipales,0.0909090909091
navarro,creará,0.0909090909091
navarro,siempre,0.0909090909091
navarro,red,0.0909090909091
navarro,principios,0.0909090909091
navarro,altos,0.0909090909091
navarro,económicos,0.0909090909091
navarro,civil,0.0909090909091
navarro,basado,0.0909090909091
navarro,tradicionales,0.0909090909091
navarro,técnico,0.0909090909091
navarro,prioridad,0.0909090909091
navarro,necesario,0.0909090909091
navarro,ciudad,0.0909090909091
navarro,militar,0.0909090909091
navarro,profesional,0.0909090909091
navarro,local,0.0909090909091
navarro,conflicto,0.0909090909091
navarro,reconocimiento,0.0909090909091
navarro,acorde,0.0909090909091
navarro,cumplimiento,0.0909090909091
navarro,producción,0.0909090909091
navarro,impuesto,0.0909090909091
navarro,crecimiento,0.0909090909091
navarro,decisiones,0.0909090909091
navarro,tipo,0.0909090909091
navarro,concentración,0.0909090909091
navarro,partir,0.0909090909091
navarro,sólo,0.0909090909091
navarro,agua,0.0909090909091
navarro,ello,0.0909090909091
navarro,global,0.0909090909091
navarro,puedan,0.0909090909091
navarro,pueblos,0.0909090909091
navarro,establecerá,0.0909090909091
navarro,televisión,0.0909090909091
navarro,financiero,0.0909090909091
navarro,especial,0.0909090909091
navarro,creando,0.0909090909091
navarro,transporte público,0.0909090909091
navarro,mismo,0.0909090909091
navarro,generaciones,0.0909090909091
navarro,lucha,0.0909090909091
navarro,reforma,0.0909090909091
navarro,vivienda,0.0909090909091
navarro,fuerza,0.0909090909091
navarro,energía,0.0909090909091
navarro,iniciativa,0.0909090909091
navarro,seguridad ciudadana,0.0909090909091
navarro,capacidades,0.0909090909091
navarro,comercial,0.0909090909091
navarro,rol,0.0909090909091
navarro,seguros,0.0909090909091
goic,goic,1.0
goic,desarrollo,0.82874617737
goic,país,0.733944954128
goic,sistema,0.501529051988
goic,salud,0.45871559633
goic,ello,0.385321100917
goic,personas,0.385321100917
goic,mayor,0.327217125382
goic,social,0.311926605505
goic,hoy,0.305810397554
goic,educación,0.293577981651
goic,años,0.290519877676
goic,programa,0.272171253823
goic,trabajo,0.269113149847
goic,parte,0.266055045872
goic,ley,0.262996941896
goic,empresas,0.262996941896
goic,acceso,0.25993883792
goic,además,0.25993883792
goic,salud mental,0.256880733945
goic,infraestructura,0.247706422018
goic,recursos,0.247706422018
goic,manera,0.247706422018
goic,sólo,0.241590214067
goic,comunidad,0.241590214067
goic,permita,0.229357798165
goic,debe,0.229357798165
goic,gobierno,0.223241590214
goic,derecho,0.214067278287
goic,política,0.211009174312
goic,cada,0.207951070336
goic,uso,0.204892966361
goic,crecimiento,0.19877675841
goic,mundo,0.195718654434
goic,participación,0.195718654434
goic,ser,0.195718654434
goic,derechos,0.192660550459
goic,población,0.192660550459
goic,políticas,0.192660550459
goic,gestión,0.192660550459
goic,atención,0.192660550459
goic,programas,0.189602446483
goic,materia,0.189602446483
goic,servicio,0.189602446483
goic,así,0.189602446483
goic,través,0.189602446483
goic,proyectos,0.186544342508
goic,año,0.183486238532
goic,calidad,0.183486238532
goic,servicios,0.180428134557
goic,caso,0.177370030581
goic,condiciones,0.177370030581
goic,regiones,0.177370030581
goic,mejorar,0.177370030581
goic,permitan,0.174311926606
goic,laboral,0.17125382263
goic,mujeres,0.17125382263
goic,creemos,0.17125382263
goic,solo,0.17125382263
goic,ii,0.168195718654
goic,fortalecimiento,0.168195718654
goic,formación técnica,0.165137614679
goic,vida,0.165137614679
goic,niños niñas,0.159021406728
goic,institucionalidad,0.159021406728
goic,fortaleceremos,0.159021406728
goic,mediante,0.155963302752
goic,debemos,0.155963302752
goic,todas,0.155963302752
goic,creación,0.155963302752
goic,impulsaremos,0.155963302752
goic,apoyo,0.155963302752
goic,instituciones,0.149847094801
goic,forma,0.149847094801
goic,generar,0.146788990826
goic,necesario,0.146788990826
goic,países,0.146788990826
goic,protección,0.146788990826
goic,turismo,0.14373088685
goic,puedan,0.14373088685
goic,empleo,0.140672782875
goic,mejor,0.140672782875
goic,poder,0.140672782875
goic,procesos,0.140672782875
goic,inversión,0.140672782875
goic,proceso,0.137614678899
goic,capacitación,0.137614678899
goic,financiamiento,0.137614678899
goic,región,0.137614678899
goic,calidad vida,0.137614678899
goic,jóvenes,0.137614678899
goic,fin,0.137614678899
goic,prevención,0.137614678899
goic,nueva,0.134556574924
goic,cultural,0.134556574924
goic,personas mayores,0.131498470948
goic,menos,0.131498470948
goic,nuevos,0.128440366972
goic,nuevas,0.128440366972
goic,fomento productivo,0.128440366972
goic,hacia,0.128440366972
goic,ala,0.128440366972
goic,sector,0.128440366972
goic,junto,0.125382262997
goic,capacidad,0.125382262997
goic,sino,0.125382262997
goic,dar,0.125382262997
goic,nacional,0.125382262997
goic,nivel,0.122324159021
goic,ministerio,0.122324159021
goic,relación,0.122324159021
goic,requiere,0.122324159021
goic,estado,0.119266055046
goic,promoveremos,0.119266055046
goic,construcción,0.119266055046
goic,ámbito,0.119266055046
goic,cultura,0.119266055046
goic,fomentaremos,0.119266055046
goic,vez,0.119266055046
goic,mejores,0.119266055046
goic,rol,0.119266055046
goic,problemas,0.11620795107
goic,políticas públicas,0.11620795107
goic,estableceremos,0.11620795107
goic,pública,0.11620795107
goic,mipes,0.11620795107
goic,construiremos centro,0.11620795107
goic,fortalecer,0.113149847095
goic,educación superior,0.113149847095
goic,estándares,0.113149847095
goic,actual,0.113149847095
goic,avanzar,0.113149847095
goic,santiago,0.113149847095
goic,estudios,0.113149847095
goic,comunas,0.110091743119
goic,hacer,0.110091743119
goic,deben,0.110091743119
goic,chilenos,0.110091743119
goic,integral,0.110091743119
goic,actividad,0.110091743119
goic,comunidades,0.110091743119
goic,desarrollar,0.110091743119
goic,siendo,0.107033639144
goic,niveles,0.107033639144
goic,regionales,0.107033639144
goic,crearemos,0.107033639144
goic,línea,0.103975535168
goic,enfermos terminales,0.103975535168
goic,cobertura,0.103975535168
goic,crear,0.103975535168
goic,aumentar,0.103975535168
goic,escolar,0.103975535168
goic,ciudades,0.103975535168
goic,base comunitaria,0.103975535168
goic,seguridad,0.103975535168
goic,incluyendo,0.103975535168
goic,nuevo,0.103975535168
goic,tener,0.103975535168
goic,minería,0.103975535168
goic,inclusión,0.103975535168
goic,regional,0.103975535168
goic,familias,0.103975535168
goic,sido,0.103975535168
goic,rehabilitación base,0.100917431193
goic,valparaíso,0.100917431193
goic,justicia,0.100917431193
goic,energía,0.100917431193
goic,público,0.100917431193
goic,medidas,0.100917431193
goic,oportunidades,0.0978593272171
goic,cuenta,0.0978593272171
goic,sociedad,0.0978593272171
goic,experiencia,0.0978593272171
goic,plan nacional,0.0978593272171
goic,territorial,0.0978593272171
goic,garantizar,0.0948012232416
goic,aún,0.0948012232416
goic,modelo,0.0948012232416
goic,sociales,0.0948012232416
goic,ciudadanos,0.0948012232416
goic,valor,0.0948012232416
goic,existen,0.0948012232416
goic,promedio,0.0948012232416
goic,actualmente,0.0948012232416
goic,centros diurnos,0.0917431192661
goic,sectores,0.0917431192661
goic,tiempo,0.0917431192661
goic,fondo,0.0917431192661
goic,permanente,0.0917431192661
goic,objetivo,0.0917431192661
goic,estudiantes,0.0917431192661
goic,realidad,0.0917431192661
goic,ejemplo,0.0917431192661
goic,abordar,0.0917431192661
goic,casos,0.0917431192661
goic,si,0.0886850152905
goic,defensa,0.0886850152905
goic,aquellos,0.0886850152905
goic,enfoque,0.0886850152905
goic,actividades,0.0886850152905
goic,espacios,0.0886850152905
goic,información,0.0886850152905
goic,promover,0.0886850152905
goic,centro rehabilitación,0.0886850152905
goic,dos,0.085626911315
goic,pago,0.085626911315
goic,evaluación,0.085626911315
goic,implementaremos plan,0.085626911315
goic,equidad,0.085626911315
goic,mercados,0.085626911315
goic,ello proponemos,0.085626911315
goic,futuro,0.085626911315
goic,foco,0.085626911315
goic,fundamental,0.085626911315
goic,productos,0.085626911315
goic,red,0.085626911315
goic,planes,0.085626911315
goic,paseos peatonales,0.085626911315
goic,potenciar,0.085626911315
goic,públicos,0.085626911315
goic,largo plazo,0.0825688073394
goic,agua,0.0825688073394
goic,lograr,0.0825688073394
goic,innovación,0.0825688073394
goic,grandes,0.0825688073394
goic,bajo,0.0825688073394
goic,inversiones,0.0825688073394
goic,importante,0.0825688073394
goic,internacionales,0.0825688073394
goic,proponemos,0.0825688073394
goic,discapacidad,0.0825688073394
goic,proyecto,0.0825688073394
goic,promoción,0.0825688073394
goic,economía,0.0825688073394
goic,formación,0.0825688073394
goic,debe ser,0.0825688073394
goic,áreas,0.0795107033639
goic,gran,0.0795107033639
goic,trabajadores,0.0795107033639
goic,desafíos,0.0795107033639
goic,local,0.0795107033639
goic,establecimientos,0.0795107033639
goic,plazas barrios,0.0795107033639
goic,desafío,0.0795107033639
goic,especial,0.0795107033639
goic,control,0.0795107033639
goic,mayores,0.0795107033639
goic,alumnos,0.0795107033639
goic,nacional cáncer,0.0764525993884
goic,resultados,0.0764525993884
goic,funcionamiento,0.0764525993884
goic,principalmente,0.0764525993884
goic,reforma,0.0764525993884
goic,territorio,0.0764525993884
goic,escuelas,0.0764525993884
goic,acciones,0.0764525993884
goic,conjunto,0.0764525993884
goic,delitos,0.0764525993884
goic,total,0.0764525993884
goic,evitar,0.0764525993884
goic,internacional,0.0764525993884
goic,concepción,0.0764525993884
goic,conocimiento,0.0764525993884
goic,mientras,0.0764525993884
goic,nacional demencia,0.0764525993884
goic,presenta,0.0764525993884
goic,veredas paseos,0.0733944954128
goic,millones,0.0733944954128
goic,alta calidad,0.0733944954128
goic,generaremos,0.0733944954128
goic,mujer,0.0733944954128
goic,institucional,0.0733944954128
goic,impulsar,0.0733944954128
goic,antofagasta,0.0733944954128
goic,otros,0.0733944954128
goic,asegurar,0.0733944954128
goic,puede,0.0733944954128
goic,queremos,0.0733944954128
goic,industria,0.0733944954128
goic,territorios,0.0733944954128
goic,sustentable,0.0733944954128
goic,generando,0.0733944954128
goic,niños,0.0733944954128
goic,administración,0.0733944954128
goic,ir,0.0733944954128
goic,integración,0.0733944954128
goic,especialmente,0.0733944954128
goic,universidades,0.0703363914373
goic,condición,0.0703363914373
goic,profesionales,0.0703363914373
goic,dela,0.0703363914373
goic,puerto montt,0.0703363914373
goic,adultos,0.0703363914373
goic,frente,0.0703363914373
goic,codelco,0.0703363914373
goic,mirada,0.0703363914373
goic,compromiso,0.0703363914373
goic,cuales,0.0703363914373
goic,aumento,0.0703363914373
goic,incentivos,0.0703363914373
enríquezOminami,enríquezOminami,1.0
enríquezOminami,nacional,0.605263157895
enríquezOminami,sistema,0.539473684211
enríquezOminami,educación,0.539473684211
enríquezOminami,deporte,0.473684210526
enríquezOminami,país,0.460526315789
enríquezOminami,debe,0.434210526316
enríquezOminami,nivel,0.407894736842
enríquezOminami,derecho,0.407894736842
enríquezOminami,política,0.381578947368
enríquezOminami,salud,0.368421052632
enríquezOminami,garantizar,0.342105263158
enríquezOminami,ser,0.342105263158
enríquezOminami,manera,0.315789473684
enríquezOminami,materia,0.302631578947
enríquezOminami,vez,0.302631578947
enríquezOminami,proponemos,0.289473684211
enríquezOminami,ley,0.289473684211
enríquezOminami,mejorar,0.276315789474
enríquezOminami,según,0.276315789474
enríquezOminami,pública,0.263157894737
enríquezOminami,infraestructura,0.25
enríquezOminami,parte,0.25
enríquezOminami,anterior,0.25
enríquezOminami,población,0.25
enríquezOminami,mujeres,0.236842105263
enríquezOminami,crear,0.236842105263
enríquezOminami,ministerio,0.236842105263
enríquezOminami,condiciones,0.236842105263
enríquezOminami,desarrollo,0.236842105263
enríquezOminami,económica,0.223684210526
enríquezOminami,recursos,0.223684210526
enríquezOminami,formación,0.223684210526
enríquezOminami,años,0.210526315789
enríquezOminami,cada,0.210526315789
enríquezOminami,público,0.210526315789
enríquezOminami,establecer,0.210526315789
enríquezOminami,progresistas,0.197368421053
enríquezOminami,social,0.197368421053
enríquezOminami,reducir,0.197368421053
enríquezOminami,personas,0.197368421053
enríquezOminami,menos,0.197368421053
enríquezOminami,año,0.184210526316
enríquezOminami,propuesta,0.184210526316
enríquezOminami,nueva,0.184210526316
enríquezOminami,nuevo,0.184210526316
enríquezOminami,niveles,0.184210526316
enríquezOminami,región,0.184210526316
enríquezOminami,cultura,0.184210526316
enríquezOminami,públicos,0.184210526316
enríquezOminami,agua,0.184210526316
enríquezOminami,rol,0.184210526316
enríquezOminami,hacia,0.184210526316
enríquezOminami,trabajadores,0.171052631579
enríquezOminami,propuestas,0.171052631579
enríquezOminami,diagnóstico,0.171052631579
enríquezOminami,embargo,0.171052631579
enríquezOminami,constitución,0.171052631579
enríquezOminami,aps,0.171052631579
enríquezOminami,actual,0.171052631579
enríquezOminami,gran,0.171052631579
enríquezOminami,desarrollar,0.171052631579
enríquezOminami,mercado,0.171052631579
enríquezOminami,programa,0.157894736842
enríquezOminami,ello,0.157894736842
enríquezOminami,regiones,0.157894736842
enríquezOminami,hospitales,0.157894736842
enríquezOminami,tipo,0.157894736842
enríquezOminami,toda,0.157894736842
enríquezOminami,ejemplo,0.157894736842
enríquezOminami,requiere,0.157894736842
enríquezOminami,atención,0.157894736842
enríquezOminami,fundamental,0.144736842105
enríquezOminami,calidad,0.144736842105
enríquezOminami,programas,0.144736842105
enríquezOminami,sociedad,0.144736842105
enríquezOminami,permita,0.144736842105
enríquezOminami,caso,0.144736842105
enríquezOminami,gobierno,0.144736842105
enríquezOminami,permanente,0.144736842105
enríquezOminami,libertad expresión,0.144736842105
enríquezOminami,siempre,0.144736842105
enríquezOminami,forma,0.144736842105
enríquezOminami,además,0.144736842105
enríquezOminami,eje desarrollo,0.131578947368
enríquezOminami,artes,0.131578947368
enríquezOminami,estado,0.131578947368
enríquezOminami,nuevos,0.131578947368
enríquezOminami,situación,0.131578947368
enríquezOminami,fondos,0.131578947368
enríquezOminami,debiese,0.131578947368
enríquezOminami,desarrollo integral,0.131578947368
enríquezOminami,crecimiento,0.131578947368
enríquezOminami,trabajo,0.131578947368
enríquezOminami,internacional,0.131578947368
enríquezOminami,chilenos,0.131578947368
enríquezOminami,fomentar,0.131578947368
enríquezOminami,información,0.131578947368
enríquezOminami,sino,0.131578947368
enríquezOminami,impuesto,0.131578947368
enríquezOminami,eje,0.131578947368
enríquezOminami,derechos,0.131578947368
enríquezOminami,así,0.131578947368
enríquezOminami,tanto,0.131578947368
enríquezOminami,regional,0.131578947368
enríquezOminami,decir,0.131578947368
enríquezOminami,gestión,0.131578947368
enríquezOminami,debido,0.131578947368
enríquezOminami,presupuesto,0.131578947368
enríquezOminami,aumento,0.118421052632
enríquezOminami,carrera,0.118421052632
enríquezOminami,económico,0.118421052632
enríquezOminami,escolar,0.118421052632
enríquezOminami,acreditación,0.118421052632
enríquezOminami,tener,0.118421052632
enríquezOminami,dos,0.118421052632
enríquezOminami,puesto,0.118421052632
enríquezOminami,integral,0.118421052632
enríquezOminami,propone,0.118421052632
enríquezOminami,respecto,0.118421052632
enríquezOminami,desigualdad,0.118421052632
enríquezOminami,promedio,0.118421052632
enríquezOminami,nacionales,0.118421052632
enríquezOminami,afp,0.118421052632
enríquezOminami,minería,0.118421052632
enríquezOminami,cultural,0.118421052632
enríquezOminami,medios comunicación,0.118421052632
enríquezOminami,vida,0.118421052632
enríquezOminami,tasa,0.105263157895
enríquezOminami,cualquier,0.105263157895
enríquezOminami,modelo,0.105263157895
enríquezOminami,ciudadanos,0.105263157895
enríquezOminami,docente,0.105263157895
enríquezOminami,ello proponemos,0.105263157895
enríquezOminami,porcentaje,0.105263157895
enríquezOminami,todas,0.105263157895
enríquezOminami,uso,0.105263157895
enríquezOminami,deberá,0.105263157895
enríquezOminami,acceso,0.105263157895
enríquezOminami,violencia,0.105263157895
enríquezOminami,sólo,0.105263157895
enríquezOminami,promoción,0.105263157895
enríquezOminami,regionales,0.105263157895
enríquezOminami,aproximadamente,0.105263157895
enríquezOminami,mientras,0.105263157895
enríquezOminami,conjunto,0.105263157895
enríquezOminami,reforma,0.105263157895
enríquezOminami,terminar,0.105263157895
enríquezOminami,términos,0.105263157895
enríquezOminami,vale decir,0.105263157895
enríquezOminami,pobreza,0.105263157895
enríquezOminami,relaciones,0.105263157895
enríquezOminami,propósito,0.0921052631579
enríquezOminami,educación superior,0.0921052631579
enríquezOminami,pilar,0.0921052631579
enríquezOminami,museos,0.0921052631579
enríquezOminami,empresas,0.0921052631579
enríquezOminami,mismo,0.0921052631579
enríquezOminami,laboral,0.0921052631579
enríquezOminami,cuatro,0.0921052631579
enríquezOminami,profesionales,0.0921052631579
enríquezOminami,sociales,0.0921052631579
enríquezOminami,efecto,0.0921052631579
enríquezOminami,pensión,0.0921052631579
enríquezOminami,periodo,0.0921052631579
enríquezOminami,cuales,0.0921052631579
enríquezOminami,deben,0.0921052631579
enríquezOminami,bajo,0.0921052631579
enríquezOminami,actividad física,0.0921052631579
enríquezOminami,origen,0.0921052631579
enríquezOminami,nuevas,0.0921052631579
enríquezOminami,delito,0.0921052631579
enríquezOminami,considera,0.0921052631579
enríquezOminami,etc,0.0921052631579
enríquezOminami,prevención,0.0921052631579
enríquezOminami,comunidad,0.0921052631579
enríquezOminami,realizar,0.0921052631579
enríquezOminami,puede,0.0921052631579
enríquezOminami,consultorios,0.0921052631579
enríquezOminami,particular,0.0921052631579
enríquezOminami,solo,0.0921052631579
enríquezOminami,lógica,0.0921052631579
enríquezOminami,apoyo,0.0921052631579
enríquezOminami,financiar,0.0921052631579
enríquezOminami,específicamente,0.0921052631579
enríquezOminami,enríquezOminamino,0.0921052631579
enríquezOminami,integración,0.0921052631579
enríquezOminami,delincuencia,0.0921052631579
enríquezOminami,problemas,0.0921052631579
enríquezOminami,fortalecer,0.0921052631579
enríquezOminami,cómo,0.0921052631579
enríquezOminami,ingreso,0.0921052631579
enríquezOminami,través,0.0789473684211
enríquezOminami,proponemos crear,0.0789473684211
enríquezOminami,fiscal,0.0789473684211
enríquezOminami,factores,0.0789473684211
enríquezOminami,previsional,0.0789473684211
enríquezOminami,índice victimización,0.0789473684211
enríquezOminami,alto rendimiento,0.0789473684211
enríquezOminami,fármacos,0.0789473684211
enríquezOminami,inversiones,0.0789473684211
enríquezOminami,políticas públicas,0.0789473684211
enríquezOminami,ii,0.0789473684211
enríquezOminami,progresista,0.0789473684211
enríquezOminami,editorial,0.0789473684211
enríquezOminami,otros,0.0789473684211
enríquezOminami,construcción,0.0789473684211
enríquezOminami,estándares,0.0789473684211
enríquezOminami,necesario,0.0789473684211
enríquezOminami,género,0.0789473684211
enríquezOminami,considerando,0.0789473684211
enríquezOminami,igualdad,0.0789473684211
enríquezOminami,televisión,0.0789473684211
enríquezOminami,significa,0.0789473684211
enríquezOminami,financiamiento,0.0789473684211
enríquezOminami,política cultural,0.0789473684211
enríquezOminami,pasó,0.0789473684211
enríquezOminami,baja,0.0789473684211
enríquezOminami,profesional,0.0789473684211
enríquezOminami,promover,0.0789473684211
enríquezOminami,oferta,0.0789473684211
enríquezOminami,compromiso,0.0789473684211
enríquezOminami,número,0.0789473684211
enríquezOminami,ingresos,0.0789473684211
enríquezOminami,pueblos originarios,0.0789473684211
enríquezOminami,supone,0.0789473684211
enríquezOminami,mil,0.0789473684211
enríquezOminami,mediante,0.0789473684211
enríquezOminami,seguridad ciudadana,0.0789473684211
enríquezOminami,fundamentales,0.0789473684211
enríquezOminami,habitantes,0.0789473684211
enríquezOminami,líneas,0.0657894736842
enríquezOminami,primera,0.0657894736842
enríquezOminami,obras,0.0657894736842
enríquezOminami,si bien,0.0657894736842
enríquezOminami,todos,0.0657894736842
enríquezOminami,últimos,0.0657894736842
enríquezOminami,reducción,0.0657894736842
enríquezOminami,puedan,0.0657894736842
enríquezOminami,universidades estatales,0.0657894736842
enríquezOminami,encuentran,0.0657894736842
enríquezOminami,creación,0.0657894736842
enríquezOminami,siguientes,0.0657894736842
enríquezOminami,político,0.0657894736842
enríquezOminami,equidad calidad,0.0657894736842
enríquezOminami,culturales,0.0657894736842
enríquezOminami,proyectos,0.0657894736842
enríquezOminami,garantice,0.0657894736842
enríquezOminami,iva libro,0.0657894736842
enríquezOminami,solidario,0.0657894736842
enríquezOminami,pensiones,0.0657894736842
enríquezOminami,autonomía,0.0657894736842
enríquezOminami,mayoría,0.0657894736842
enríquezOminami,discriminación,0.0657894736842
enríquezOminami,jardines infantiles,0.0657894736842
enríquezOminami,consideramos,0.0657894736842
enríquezOminami,mínimo,0.0657894736842
enríquezOminami,encuesta,0.0657894736842
enríquezOminami,alcanzar,0.0657894736842
enríquezOminami,administración,0.0657894736842
enríquezOminami,en,0.0657894736842
enríquezOminami,servicios,0.0657894736842
enríquezOminami,realidad,0.0657894736842
enríquezOminami,consejo,0.0657894736842
enríquezOminami,empresa,0.0657894736842
enríquezOminami,km2,0.0657894736842
enríquezOminami,alta,0.0657894736842
enríquezOminami,grandes,0.0657894736842
enríquezOminami,asegurar,0.0657894736842
enríquezOminami,sur,0.0657894736842
enríquezOminami,práctica,0.0657894736842
enríquezOminami,profesor,0.0657894736842
enríquezOminami,generar,0.0657894736842
enríquezOminami,implementar,0.0657894736842
enríquezOminami,evaluar,0.0657894736842
enríquezOminami,jubilación,0.0657894736842
enríquezOminami,primaria,0.0657894736842
enríquezOminami,aumentar,0.0657894736842
enríquezOminami,enríquezOminami república,0.0657894736842
enríquezOminami,concentración,0.0657894736842
enríquezOminami,alto,0.0657894736842
enríquezOminami,renta,0.0657894736842
enríquezOminami,plazo,0.0657894736842
enríquezOminami,países,0.0657894736842
enríquezOminami,docentes,0.0657894736842
enríquezOminami,esencial,0.0657894736842
enríquezOminami,eeuu,0.0657894736842
enríquezOminami,base,0.0657894736842
enríquezOminami,dejar,0.0657894736842
enríquezOminami,lamentablemente,0.0657894736842
enríquezOminami,propio,0.0657894736842
enríquezOminami,libertad,0.0657894736842
enríquezOminami,permitirá,0.0657894736842
enríquezOminami,central,0.0657894736842
enríquezOminami,requisitos,0.0657894736842
enríquezOminami,función,0.0657894736842
enríquezOminami,mayor,0.0657894736842
enríquezOminami,millones usd,0.0657894736842
enríquezOminami,obligatoria,0.0657894736842
enríquezOminami,tipos,0.0657894736842
piñera,piñera,1.0
piñera,país,0.897435897436
piñera,sistema,0.801282051282
piñera,desarrollo,0.692307692308
piñera,crear,0.660256410256
piñera,ello,0.621794871795
piñera,fortalecer,0.49358974359
piñera,nacional,0.474358974359
piñera,familias,0.448717948718
piñera,gestión,0.442307692308
piñera,mayor,0.423076923077
piñera,programa,0.416666666667
piñera,mejorar,0.410256410256
piñera,forma,0.403846153846
piñera,promover,0.391025641026
piñera,gobierno,0.384615384615
piñera,salud,0.384615384615
piñera,acceso,0.378205128205
piñera,desarrollar,0.378205128205
piñera,calidad,0.365384615385
piñera,sociedad,0.365384615385
piñera,vida,0.339743589744
piñera,establecer,0.333333333333
piñera,programas,0.326923076923
piñera,servicio,0.326923076923
piñera,infraestructura,0.320512820513
piñera,personas,0.320512820513
piñera,educación,0.314102564103
piñera,modernizar,0.314102564103
piñera,proyectos,0.314102564103
piñera,impulsar,0.314102564103
piñera,progreso,0.314102564103
piñera,ley,0.307692307692
piñera,pobreza,0.307692307692
piñera,recursos,0.301282051282
piñera,implementar,0.301282051282
piñera,trabajo,0.301282051282
piñera,social,0.288461538462
piñera,política,0.282051282051
piñera,participación,0.275641025641
piñera,protección,0.275641025641
piñera,desafíos,0.262820512821
piñera,incluyendo,0.262820512821
piñera,principales objetivos,0.262820512821
piñera,así,0.262820512821
piñera,fin,0.262820512821
piñera,años,0.25641025641
piñera,ser,0.25641025641
piñera,oportunidades,0.25
piñera,plan,0.25
piñera,potenciar,0.25
piñera,objetivos medidas,0.25
piñera,futuro,0.24358974359
piñera,apoyo,0.24358974359
piñera,sector,0.24358974359
piñera,hoy,0.237179487179
piñera,sociedad civil,0.237179487179
piñera,especialmente,0.237179487179
piñera,institucionalidad,0.230769230769
piñera,condiciones,0.230769230769
piñera,políticas,0.230769230769
piñera,manera,0.230769230769
piñera,mundo,0.224358974359
piñera,seguridad,0.224358974359
piñera,servicios,0.224358974359
piñera,instituciones,0.224358974359
piñera,hacer,0.217948717949
piñera,todas,0.217948717949
piñera,capacidades,0.217948717949
piñera,atención,0.217948717949
piñera,estado,0.211538461538
piñera,parte,0.211538461538
piñera,materia,0.211538461538
piñera,red,0.211538461538
piñera,población,0.211538461538
piñera,nuevos,0.205128205128
piñera,chilenos,0.205128205128
piñera,gran,0.205128205128
piñera,creación,0.205128205128
piñera,través,0.205128205128
piñera,permita,0.198717948718
piñera,uso,0.198717948718
piñera,medidas,0.198717948718
piñera,nuevo,0.198717948718
piñera,modernización,0.198717948718
piñera,reforma,0.198717948718
piñera,educación superior,0.192307692308
piñera,mediante,0.192307692308
piñera,derecho,0.192307692308
piñera,mejor,0.192307692308
piñera,libertad,0.192307692308
piñera,debemos,0.192307692308
piñera,familia,0.192307692308
piñera,información,0.192307692308
piñera,nueva,0.192307692308
piñera,especial,0.192307692308
piñera,niños,0.192307692308
piñera,libre,0.192307692308
piñera,laboral,0.185897435897
piñera,debe,0.185897435897
piñera,calidad vida,0.185897435897
piñera,formación,0.185897435897
piñera,incorporar,0.185897435897
piñera,integral,0.185897435897
piñera,inversión,0.185897435897
piñera,nivel,0.179487179487
piñera,capacidad,0.179487179487
piñera,avanzar,0.179487179487
piñera,rol,0.179487179487
piñera,mujeres,0.173076923077
piñera,mujer,0.173076923077
piñera,nuevas,0.173076923077
piñera,agua,0.173076923077
piñera,además,0.173076923077
piñera,hacia,0.173076923077
piñera,ministerio,0.166666666667
piñera,pensiones,0.166666666667
piñera,cada,0.166666666667
piñera,grandes,0.166666666667
piñera,planes,0.166666666667
piñera,permitan,0.166666666667
piñera,cultura,0.166666666667
piñera,empresas,0.166666666667
piñera,aún,0.160256410256
piñera,evaluación,0.160256410256
piñera,fundamental,0.160256410256
piñera,asegurar,0.160256410256
piñera,situación,0.160256410256
piñera,poder,0.160256410256
piñera,generar,0.160256410256
piñera,clase media,0.153846153846
piñera,diversidad,0.153846153846
piñera,pública,0.153846153846
piñera,enfrentar,0.153846153846
piñera,vulnerables,0.153846153846
piñera,nacionales,0.153846153846
piñera,evaluar,0.153846153846
piñera,fondo,0.147435897436
piñera,mecanismos,0.147435897436
piñera,reducir,0.147435897436
piñera,objetivo,0.147435897436
piñera,principales,0.147435897436
piñera,mejores,0.147435897436
piñera,derechos,0.147435897436
piñera,compromiso,0.147435897436
piñera,prevención,0.147435897436
piñera,sustentable,0.141025641026
piñera,revisar,0.141025641026
piñera,facilitar,0.141025641026
piñera,aumentar,0.141025641026
piñera,otros,0.141025641026
piñera,actual,0.141025641026
piñera,coordinación,0.141025641026
piñera,queremos,0.141025641026
piñera,ampliar,0.141025641026
piñera,incentivos,0.141025641026
piñera,puedan,0.134615384615
piñera,impacto,0.134615384615
piñera,proceso,0.134615384615
piñera,deporte,0.134615384615
piñera,sistemas,0.134615384615
piñera,fomentar,0.134615384615
piñera,ambiental,0.134615384615
piñera,regionales,0.134615384615
piñera,sólo,0.134615384615
piñera,capacitación,0.134615384615
piñera,inclusión,0.134615384615
piñera,internacional,0.134615384615
piñera,principal,0.134615384615
piñera,cambio climático,0.128205128205
piñera,trabajadores,0.128205128205
piñera,realizar,0.128205128205
piñera,esfuerzo,0.128205128205
piñera,diálogo,0.128205128205
piñera,sino,0.128205128205
piñera,confianza,0.128205128205
piñera,apoyar,0.128205128205
piñera,respecto,0.128205128205
piñera,creando,0.128205128205
piñera,mayores,0.128205128205
piñera,sido,0.128205128205
piñera,seguro,0.121794871795
piñera,unidad,0.121794871795
piñera,competencia,0.121794871795
piñera,economía,0.121794871795
piñera,plan nacional,0.121794871795
piñera,caso,0.121794871795
piñera,ciudades,0.121794871795
piñera,niveles,0.121794871795
piñera,descentralización,0.121794871795
piñera,ciudadanos,0.121794871795
piñera,vez,0.121794871795
piñera,comunidad,0.121794871795
piñera,perfeccionar,0.121794871795
piñera,aumento,0.115384615385
piñera,año,0.115384615385
piñera,infancia,0.115384615385
piñera,fortaleciendo,0.115384615385
piñera,medio,0.115384615385
piñera,regiones,0.115384615385
piñera,estudiantes,0.115384615385
piñera,ingresos,0.115384615385
piñera,entrega,0.115384615385
piñera,construcción,0.115384615385
piñera,transparencia,0.115384615385
piñera,comunidades,0.115384615385
piñera,pueblos indígenas,0.115384615385
piñera,financiamiento,0.115384615385
piñera,necesidades,0.115384615385
piñera,regional,0.115384615385
piñera,mil,0.115384615385
piñera,incorporando,0.115384615385
piñera,dos,0.108974358974
piñera,cambio,0.108974358974
piñera,creemos,0.108974358974
piñera,sociales,0.108974358974
piñera,control,0.108974358974
piñera,avanzar hacia,0.108974358974
piñera,propuestas,0.108974358974
piñera,pymes,0.108974358974
piñera,política nacional,0.108974358974
piñera,vivir,0.108974358974
piñera,conjunto,0.108974358974
piñera,alcanzar,0.108974358974
piñera,violencia,0.108974358974
piñera,importantes,0.108974358974
piñera,municipios,0.108974358974
piñera,cargo,0.108974358974
piñera,democracia,0.108974358974
piñera,adultos mayores,0.108974358974
piñera,dar,0.108974358974
piñera,cultural,0.108974358974
piñera,historia,0.108974358974
piñera,fortalecimiento,0.108974358974
piñera,eficiente,0.108974358974
piñera,avances,0.102564102564
piñera,obras,0.102564102564
piñera,incorporación,0.102564102564
piñera,junto,0.102564102564
piñera,familiar,0.102564102564
piñera,ruta,0.102564102564
piñera,acceder,0.102564102564
piñera,escolar,0.102564102564
piñera,problemas,0.102564102564
piñera,políticas públicas,0.102564102564
piñera,desarrollo integral,0.102564102564
piñera,embargo,0.102564102564
piñera,autonomía,0.102564102564
piñera,crecimiento,0.102564102564
piñera,internacionales,0.102564102564
piñera,riesgo,0.102564102564
piñera,introducir,0.102564102564
piñera,consejo,0.102564102564
piñera,empleo,0.102564102564
piñera,beneficios,0.102564102564
piñera,regulación,0.102564102564
piñera,agenda,0.102564102564
piñera,actividad,0.102564102564
piñera,usuarios,0.102564102564
piñera,todos,0.102564102564
piñera,cambios,0.102564102564
piñera,número,0.102564102564
piñera,paz,0.0961538461538
piñera,centro,0.0961538461538
piñera,nuevo sistema,0.0961538461538
piñera,espacios públicos,0.0961538461538
piñera,importante,0.0961538461538
piñera,plataforma,0.0961538461538
piñera,requiere,0.0961538461538
piñera,tarea,0.0961538461538
piñera,congreso,0.0961538461538
piñera,relación,0.0961538461538
piñera,acción,0.0961538461538
piñera,mejorar calidad,0.0961538461538
piñera,que,0.0961538461538
piñera,función,0.0961538461538
piñera,estableciendo,0.0961538461538
piñera,integración,0.0961538461538
piñera,jóvenes,0.0961538461538
piñera,excelencia,0.0961538461538
piñera,camino,0.0961538461538
piñera,personas discapacidad,0.0961538461538
piñera,centros,0.0897435897436
piñera,largo plazo,0.0897435897436
piñera,posible,0.0897435897436
piñera,tan,0.0897435897436
piñera,demandas,0.0897435897436
piñera,programa gobierno,0.0897435897436
piñera,política social,0.0897435897436
piñera,realidad,0.0897435897436
piñera,procesos,0.0897435897436
piñera,iniciativas,0.0897435897436
piñera,proyecto,0.0897435897436
piñera,innovación,0.0897435897436
piñera,países,0.0897435897436
piñera,prioridades,0.0897435897436
piñera,base,0.0897435897436
piñera,actualmente,0.0897435897436
piñera,central,0.0897435897436
piñera,públicos,0.0897435897436
